time_stamp[s],x_true_pose[mm],y_true_pose[mm],theta_true[rad],x_pose[mm],y_pose[mm],theta[rad],p_err[mm],a_err[mm]
0.008343696594238281,633.2562565803528,42.42498427629471,-0.1449732982597838,202.16583548952224,-1451.2790768524426,2.9709005370186286,1554.6674156837378,178.5264202566941
0.0166475772857666,634.9924206733704,42.2394759953022,-0.14450972454156594,166.36574218605304,-1588.8311989374267,2.9899847340316623,1697.0570144858314,179.59330338339004
0.041614532470703125,639.4609808921814,41.535474359989166,-0.14218163141179152,-4.350763074902026,-1552.6611315011799,2.939841984021581,1719.2894985456082,176.58694552398333
0.06663179397583008,640.6159400939941,40.964189916849136,-0.139560674138602,-240.15322613507288,-1514.6144333764355,2.8957723932466974,1787.6182974636606,173.91177417767597
0.058275461196899414,640.5453085899353,41.105642914772034,-0.14051300013405246,-240.15322613507288,-1514.6144333764355,2.8957723932466974,1787.706593611574,173.9663384379359
0.07493066787719727,640.3489708900452,40.81622511148453,-0.13894369205925938,-240.15322613507288,-1514.6144333764355,2.8957723932466974,1787.3580089982602,173.87642370849443
0.049964189529418945,640.1745080947876,41.27860814332962,-0.14132157582601027,-240.15322613507288,-1514.6144333764355,2.8957723932466974,1787.6744883518097,174.01266641250194
0.033287763595581055,638.375997543335,41.794683784246445,-0.14291571889309135,-240.15322613507288,-1514.6144333764355,2.8957723932466974,1787.2389143138862,174.1040040821857
0.02497386932373047,636.850118637085,42.00597107410431,-0.1432585459089632,-240.15322613507288,-1514.6144333764355,2.8957723932466974,1786.6734313503725,174.12364662329824
