time_stamp[s],x_true_pose[mm],y_true_pose[mm],theta_true[rad],x_pose[mm],y_pose[mm],theta[rad],p_err[mm],a_err[mm]
0.00837254524230957,1015.8978700637817,209.09087359905243,-1.5507776956535093,913.6865149658639,144.6131877665231,-0.2157592120572767,120.84921630391734,76.49092468201925
0.016672611236572266,1015.8878564834595,209.08276736736298,-1.5507354260074946,931.1137162255274,103.89130679189172,-0.20904239017304135,135.09958635936852,76.8733483554089
0.024997234344482422,1015.8895254135132,209.08553898334503,-1.5507024124968045,898.498414711029,160.11426511682524,-0.22625894000277508,127.1961419858031,75.88502117755903
0.050017595291137695,1015.9015655517578,209.0909481048584,-1.5507282184564692,900.5562604796891,178.39668393166755,-0.23733747701047395,119.35944560570913,75.25174633641346
0.05832839012145996,1015.9028768539429,209.09181237220764,-1.5507617286193733,900.5562604796891,178.39668393166755,-0.23733747701047395,119.36093506240026,75.25366632731865
0.04166698455810547,1015.9009695053101,209.09029245376587,-1.5507539924129796,900.5562604796891,178.39668393166755,-0.23733747701047395,119.35870099960455,75.25322307534286
0.06664633750915527,1015.8983469009399,209.09099280834198,-1.5507709395412195,900.5562604796891,178.39668393166755,-0.23733747701047395,119.35634669938588,75.25419407426587
0.033339738845825195,1015.8926248550415,209.084153175354,-1.550694398340238,900.5562604796891,178.39668393166755,-0.23733747701047395,119.34905829501241,75.24980858649076
0.07499170303344727,1015.8934593200684,209.0958058834076,-1.5507309034522756,900.5562604796891,178.39668393166755,-0.23733747701047395,119.35286140245235,75.25190017534118
